Time;Latitude;Longitude;Range_km;Direction;Name;Type;;
17/08/2025 18:11:41;41.19432;69.47305;22.717;120.9°;Tashkent;City;;
17/08/2025 18:11:42;41.13295;69.45419;25.761;135.9°;Tashkent;City;;
17/08/2025 21:24:26;42.18430;21.52615;22.314;21.2°;Skopje;City;;
17/08/2025 21:24:27;42.12297;21.50683;15.415;24.9°;Skopje;City;;
17/08/2025 21:24:28;42.06165;21.48754;8.682;34.5°;Skopje;City;;
17/08/2025 21:24:29;42.00032;21.46828;3.346;84.2°;Skopje;City;;
17/08/2025 21:24:30;41.93899;21.44906;6.713;165.0°;Skopje;City;;
17/08/2025 21:24:31;41.87766;21.42986;13.304;179.3°;Skopje;City;;
17/08/2025 21:24:32;41.81632;21.41068;20.175;184.1°;Skopje;City;;
18/08/2025 08:17:16;52.01778;21.36286;33.592;134.4°;Warsaw;City;;
18/08/2025 08:17:17;52.07848;21.33674;27.802;127.1°;Warsaw;City;;
18/08/2025 08:17:18;52.13917;21.31055;22.695;116.2°;Warsaw;City;;
18/08/2025 08:17:19;52.19986;21.28431;18.833;100.0°;Warsaw;City;;
18/08/2025 08:17:20;52.26054;21.25801;17.083;78.3°;Warsaw;City;;
18/08/2025 08:17:21;52.32123;21.23164;18.069;55.6°;Warsaw;City;;
18/08/2025 08:17:22;52.38190;21.20522;21.416;37.7°;Warsaw;City;;
18/08/2025 08:17:23;52.44257;21.17873;26.235;25.5°;Warsaw;City;;
18/08/2025 08:19:13;59.08117;17.81122;31.240;208.1°;Stockholm;City;;
18/08/2025 08:19:14;59.14114;17.77558;26.749;218.7°;Stockholm;City;;
18/08/2025 08:19:15;59.20110;17.73983;23.500;232.8°;Stockholm;City;;
18/08/2025 08:19:16;59.26106;17.70397;22.050;250.0°;Stockholm;City;;
18/08/2025 08:19:17;59.32100;17.66800;22.744;267.8°;Stockholm;City;;
18/08/2025 08:19:18;59.38094;17.63191;25.408;283.2°;Stockholm;City;;
18/08/2025 08:19:19;59.44086;17.59571;29.512;295.1°;Stockholm;City;;
18/08/2025 08:19:20;59.50078;17.55940;34.548;303.7°;Stockholm;City;;
18/08/2025 21:31:19;44.96020;20.52145;20.132;16.5°;Belgrade;City;;
18/08/2025 21:31:20;44.89901;20.50068;13.149;18.1°;Belgrade;City;;
18/08/2025 21:31:21;44.83781;20.47995;6.199;23.3°;Belgrade;City;;
18/08/2025 21:31:22;44.77662;20.45925;1.378;143.6°;Belgrade;City;;
18/08/2025 21:31:23;44.71542;20.43858;7.957;185.9°;Belgrade;City;;
18/08/2025 21:31:24;44.65422;20.41795;14.922;189.4°;Belgrade;City;;
18/08/2025 21:31:25;44.59301;20.39736;21.908;190.7°;Belgrade;City;;
18/08/2025 23:10:46;34.12198;-6.83594;11.251;2.7°;Rabat;City;;
18/08/2025 23:10:47;34.06036;-6.85227;4.496;347.4°;Rabat;City;;
18/08/2025 23:10:48;33.99874;-6.86857;3.500;225.3°;Rabat;City;;
18/08/2025 23:10:49;33.93712;-6.88486;10.134;203.2°;Rabat;City;;
18/08/2025 23:10:50;33.87550;-6.90113;17.075;198.8°;Rabat;City;;
19/08/2025 01:02:36;-22.80906;-43.28264;12.655;334.9°;Maracana Stadium (Rio de Janeiro);Stadium;;
19/08/2025 01:02:37;-22.87080;-43.29662;8.208;304.0°;Maracana Stadium (Rio de Janeiro);Stadium;;
19/08/2025 01:02:38;-22.93254;-43.31060;8.543;254.6°;Maracana Stadium (Rio de Janeiro);Stadium;;
19/08/2025 01:02:39;-22.99428;-43.32460;13.302;226.6°;Maracana Stadium (Rio de Janeiro);Stadium;;
19/08/2025 03:57:11;45.58117;-75.77546;18.773;341.1°;Ottawa;City;;
19/08/2025 03:57:12;45.52001;-75.79660;13.419;324.8°;Ottawa;City;;
19/08/2025 03:57:13;45.45885;-75.81769;10.277;293.9°;Ottawa;City;;
19/08/2025 03:57:14;45.39769;-75.83875;11.363;256.6°;Ottawa;City;;
19/08/2025 03:57:15;45.33652;-75.85978;15.828;233.4°;Ottawa;City;;
19/08/2025 03:57:16;45.27535;-75.88077;21.677;221.5°;Ottawa;City;;
19/08/2025 04:01:46;28.66922;-80.60014;11.720;23.9°;Kennedy Space Center (USA);Spaceport;;
19/08/2025 04:01:47;28.60746;-80.61514;5.063;40.6°;Kennedy Space Center (USA);Spaceport;;
19/08/2025 04:01:48;28.54570;-80.63012;3.537;148.8°;Kennedy Space Center (USA);Spaceport;;
19/08/2025 04:01:49;28.48393;-80.64510;9.900;177.9°;Kennedy Space Center (USA);Spaceport;;
19/08/2025 20:11:50;10.11071;34.02834;57.002;77.5°;Piestewa Peak Fire Tower (AZ; USA);;
19/08/2025 20:11:51;10.04869;34.01555;54.531;84.3°;Piestewa Peak Fire Tower (AZ; USA);;
19/08/2025 20:11:52;9.98667;34.00277;52.888;91.6°;Piestewa Peak Fire Tower (AZ; USA);;
19/08/2025 20:11:53;9.92465;33.98998;52.149;99.2°;Piestewa Peak Fire Tower (AZ; USA);;
19/08/2025 20:11:54;9.86264;33.97720;52.354;106.9°;Piestewa Peak Fire Tower (AZ; USA);;
19/08/2025 21:34:46;60.11520;25.48001;30.593;101.2°;Helsinki;City;;
19/08/2025 21:34:47;60.05534;25.44248;30.697;114.3°;Helsinki;City;;
19/08/2025 21:34:48;59.99547;25.40507;32.342;126.6°;Helsinki;City;;
19/08/2025 21:34:49;59.93559;25.36778;35.311;137.4°;Helsinki;City;;
19/08/2025 21:34:53;59.69599;25.21981;38.973;42.2°;Tallinn;City;;
19/08/2025 21:34:54;59.63607;25.18310;32.806;47.4°;Tallinn;City;;
19/08/2025 21:34:55;59.57614;25.14652;27.035;54.9°;Tallinn;City;;
19/08/2025 21:34:56;59.51620;25.11005;21.972;66.2°;Tallinn;City;;
19/08/2025 21:34:57;59.45625;25.07369;18.219;83.1°;Tallinn;City;;
19/08/2025 21:34:58;59.39629;25.03745;16.685;105.6°;Tallinn;City;;
19/08/2025 21:34:59;59.33633;25.00132;17.946;128.5°;Tallinn;City;;
19/08/2025 21:35:00;59.27635;24.96530;21.519;146.0°;Tallinn;City;;
19/08/2025 21:35:01;59.21637;24.92940;26.482;157.8°;Tallinn;City;;
19/08/2025 21:35:35;57.17228;23.77074;31.970;320.9°;Riga;City;;
19/08/2025 21:35:36;57.11203;23.73837;28.617;309.3°;Riga;City;;
19/08/2025 21:35:37;57.05178;23.70609;26.707;295.3°;Riga;City;;
19/08/2025 21:35:38;56.99151;23.67390;26.553;280.3°;Riga;City;;
19/08/2025 21:35:39;56.93124;23.64181;28.182;266.0°;Riga;City;;
19/08/2025 21:36:57;52.21127;21.38102;25.207;94.5°;Warsaw;City;;
19/08/2025 21:36:58;52.15055;21.35475;24.954;110.5°;Warsaw;City;;
19/08/2025 21:36:59;52.08981;21.32854;26.600;125.7°;Warsaw;City;;
19/08/2025 21:37:00;52.02908;21.30239;29.833;138.3°;Warsaw;City;;
19/08/2025 21:39:11;44.03729;18.30097;22.037;336.0°;Sarajevo;City;;
19/08/2025 21:39:12;43.97606;18.28071;17.023;321.5°;Sarajevo;City;;
19/08/2025 21:39:13;43.91482;18.26049;13.853;298.1°;Sarajevo;City;;
19/08/2025 21:39:14;43.85358;18.24030;13.858;268.8°;Sarajevo;City;;
19/08/2025 21:39:15;43.79233;18.22015;17.035;245.4°;Sarajevo;City;;
19/08/2025 21:39:16;43.73109;18.20002;22.053;230.9°;Sarajevo;City;;
19/08/2025 21:39:17;43.66984;18.17993;27.938;222.2°;Sarajevo;City;;
20/08/2025 00:46:44;63.86738;-20.13097;36.204;316.3°;Eyjafjallajokull;Volcano;;
20/08/2025 00:46:45;63.80821;-20.17779;33.670;305.6°;Eyjafjallajokull;Volcano;;
20/08/2025 00:46:46;63.74902;-20.22443;32.462;293.7°;Eyjafjallajokull;Volcano;;
20/08/2025 01:01:21;10.14446;-38.34673;58.519;74.0°;Cape Otway Lookout (VIC; AUS);;
20/08/2025 01:01:22;10.08245;-38.35952;55.636;80.5°;Cape Otway Lookout (VIC; AUS);;
20/08/2025 01:01:23;10.02043;-38.37231;53.528;87.5°;Cape Otway Lookout (VIC; AUS);;
20/08/2025 01:01:24;9.95841;-38.38509;52.290;95.0°;Cape Otway Lookout (VIC; AUS);;
20/08/2025 01:01:25;9.89640;-38.39788;51.983;102.8°;Cape Otway Lookout (VIC; AUS);;
20/08/2025 01:01:26;9.83438;-38.41065;52.623;110.4°;Cape Otway Lookout (VIC; AUS);;
20/08/2025 03:32:38;13.79149;100.55483;6.936;55.6°;Bangkok;City;;
20/08/2025 08:29:44;41.82903;21.24739;23.947;218.7°;Skopje;City;;
20/08/2025 08:29:45;41.89032;21.22823;20.359;234.3°;Skopje;City;;
20/08/2025 08:29:46;41.95161;21.20903;18.801;254.4°;Skopje;City;;
20/08/2025 08:29:47;42.01290;21.18981;19.758;275.1°;Skopje;City;;
20/08/2025 08:29:55;42.50312;21.03496;20.734;211.1°;Pristina;City;;
20/08/2025 08:29:56;42.56439;21.01547;16.454;228.3°;Pristina;City;;
20/08/2025 08:29:57;42.62565;20.99595;14.473;253.4°;Pristina;City;;
20/08/2025 08:29:58;42.68691;20.97640;15.688;279.9°;Pristina;City;;
20/08/2025 08:29:59;42.74817;20.95682;19.510;299.1°;Pristina;City;;
20/08/2025 08:30:00;42.80942;20.93721;24.760;311.2°;Pristina;City;;
20/08/2025 08:30:29;44.58456;20.35476;23.666;198.4°;Belgrade;City;;
20/08/2025 08:30:30;44.64573;20.33418;18.098;210.1°;Belgrade;City;;
20/08/2025 08:30:31;44.70690;20.31356;13.885;230.4°;Belgrade;City;;
20/08/2025 08:30:32;44.76806;20.29291;12.484;260.5°;Belgrade;City;;
20/08/2025 08:30:33;44.82922;20.27223;14.721;288.8°;Belgrade;City;;
20/08/2025 08:30:34;44.89037;20.25151;19.375;306.6°;Belgrade;City;;
20/08/2025 08:30:35;44.95152;20.23076;25.136;316.9°;Belgrade;City;;
20/08/2025 08:31:16;47.45599;19.34775;23.579;101.3°;Budapest;City;;
20/08/2025 08:31:17;47.51701;19.32538;21.525;84.2°;Budapest;City;;
20/08/2025 08:31:18;47.57802;19.30297;21.644;65.6°;Budapest;City;;
20/08/2025 08:31:19;47.63902;19.28051;23.902;48.9°;Budapest;City;;
20/08/2025 08:31:20;47.70003;19.25802;27.783;35.9°;Budapest;City;;
20/08/2025 23:24:43;38.88504;-9.33361;24.718;317.1°;Lisbon;City;;
20/08/2025 23:24:44;38.82359;-9.35152;21.571;301.5°;Lisbon;City;;
21/08/2025 00:54:12;64.42753;-21.58726;35.632;28.6°;Reykjavik;City;;
21/08/2025 00:54:13;64.36848;-21.63583;28.779;30.8°;Reykjavik;City;;
21/08/2025 00:54:14;64.30942;-21.68422;21.996;34.5°;Reykjavik;City;;
21/08/2025 00:54:15;64.25035;-21.73241;15.381;41.3°;Reykjavik;City;;
21/08/2025 00:54:16;64.19126;-21.78042;9.295;57.6°;Reykjavik;City;;
21/08/2025 00:54:17;64.13216;-21.82824;5.774;106.1°;Reykjavik;City;;
21/08/2025 00:54:18;64.07305;-21.87588;8.797;158.4°;Reykjavik;City;;
21/08/2025 00:54:19;64.01392;-21.92333;14.783;176.4°;Reykjavik;City;;
21/08/2025 00:54:20;63.95478;-21.97060;21.373;183.7°;Reykjavik;City;;
21/08/2025 00:54:21;63.89562;-22.01769;28.146;187.5°;Reykjavik;City;;
21/08/2025 00:54:22;63.83645;-22.06459;17.186;98.5°;Grindavikur;Volcano;;
21/08/2025 00:54:23;63.77727;-22.11132;17.334;121.8°;Grindavikur;Volcano;;
21/08/2025 00:54:24;63.71808;-22.15788;20.066;141.6°;Grindavikur;Volcano;;
21/08/2025 00:54:25;63.65887;-22.20425;24.535;155.4°;Grindavikur;Volcano;;
21/08/2025 00:54:26;63.59965;-22.25045;29.973;164.6°;Grindavikur;Volcano;;
21/08/2025 02:10:46;39.77688;116.47300;15.225;158.4°;Beijing;City;;
21/08/2025 02:10:47;39.83826;116.45472;8.371;151.1°;Beijing;City;;
21/08/2025 02:10:48;39.89964;116.43643;2.527;101.6°;Beijing;City;;
21/08/2025 02:10:49;39.96101;116.41810;6.383;8.2°;Beijing;City;;
21/08/2025 02:10:50;40.02239;116.39975;13.158;357.2°;Beijing;City;;
21/08/2025 02:10:51;40.08376;116.38138;20.089;353.7°;Beijing;City;;
21/08/2025 02:10:52;40.14513;116.36298;20.186;291.1°;Beijing Capital Airport;Airport;;
21/08/2025 07:04:39;55.72101;38.03998;26.741;98.1°;Moscow;City;;
21/08/2025 07:04:40;55.78139;38.00960;24.703;83.2°;Moscow;City;;
21/08/2025 07:04:41;55.84176;37.97915;24.553;66.9°;Moscow;City;;
21/08/2025 07:04:42;55.90212;37.94861;26.322;51.7°;Moscow;City;;
21/08/2025 07:04:43;55.96248;37.91800;29.670;39.1°;Moscow;City;;
21/08/2025 08:37:29;42.29571;19.19197;15.969;200.3°;Podgorica;City;;
21/08/2025 08:37:30;42.35698;19.17258;10.839;221.2°;Podgorica;City;;
21/08/2025 08:37:31;42.41826;19.15316;8.824;261.2°;Podgorica;City;;
21/08/2025 08:37:32;42.47953;19.13371;11.669;298.0°;Podgorica;City;;
21/08/2025 08:37:33;42.54080;19.11423;17.100;315.9°;Podgorica;City;;
21/08/2025 08:37:34;42.60207;19.09472;23.378;324.8°;Podgorica;City;;
21/08/2025 08:37:55;43.88802;18.67792;21.518;80.5°;Sarajevo;City;;
21/08/2025 08:37:56;43.94923;18.65772;22.155;62.1°;Sarajevo;City;;
21/08/2025 08:37:57;44.01043;18.63749;24.831;46.3°;Sarajevo;City;;
21/08/2025 08:39:02;47.98177;17.24481;21.164;151.2°;Bratislava;City;;
21/08/2025 08:39:03;48.04276;17.22207;14.514;144.1°;Bratislava;City;;
21/08/2025 08:39:04;48.10374;17.19929;8.432;126.2°;Bratislava;City;;
21/08/2025 08:39:05;48.16472;17.17646;5.406;70.6°;Bratislava;City;;
21/08/2025 08:39:06;48.22569;17.15359;9.223;21.6°;Bratislava;City;;
21/08/2025 08:39:07;48.28666;17.13067;15.446;6.3°;Bratislava;City;;
21/08/2025 08:39:08;48.34763;17.10771;22.131;0.0°;Bratislava;City;;
21/08/2025 16:35:34;25.89806;-97.04316;15.809;134.1°;Boca Chica Launch Site (USA);Spaceport;;
21/08/2025 16:35:35;25.95983;-97.05764;10.725;112.7°;Boca Chica Launch Site (USA);Spaceport;;
21/08/2025 16:35:36;26.02160;-97.07214;8.870;72.1°;Boca Chica Launch Site (USA);Spaceport;;
21/08/2025 16:35:37;26.08337;-97.08664;11.869;36.1°;Boca Chica Launch Site (USA);Spaceport;;
21/08/2025 18:40:50;46.10128;63.44181;21.581;20.9°;Baikonur Cosmodrome (Russia);Spaceport;;
21/08/2025 18:40:51;46.04015;63.42035;14.668;24.4°;Baikonur Cosmodrome (Russia);Spaceport;;
21/08/2025 18:40:52;45.97902;63.39894;7.902;33.8°;Baikonur Cosmodrome (Russia);Spaceport;;
21/08/2025 18:40:53;45.91788;63.37756;2.761;94.9°;Baikonur Cosmodrome (Russia);Spaceport;;
21/08/2025 18:40:54;45.85674;63.35623;7.119;171.1°;Baikonur Cosmodrome (Russia);Spaceport;;
21/08/2025 18:40:55;45.79560;63.33493;13.843;182.3°;Baikonur Cosmodrome (Russia);Spaceport;;
21/08/2025 18:40:56;45.73446;63.31366;20.748;186.1°;Baikonur Cosmodrome (Russia);Spaceport;;
21/08/2025 23:28:19;53.55358;-5.96599;29.887;40.6°;Dublin;City;;
21/08/2025 23:28:20;53.49297;-5.99367;23.782;47.9°;Dublin;City;;
21/08/2025 23:28:21;53.43235;-6.02127;18.316;59.8°;Dublin;City;;
21/08/2025 23:28:22;53.37172;-6.04881;14.244;80.1°;Dublin;City;;
21/08/2025 23:28:23;53.31109;-6.07629;12.955;109.3°;Dublin;City;;
21/08/2025 23:28:24;53.25045;-6.10369;15.177;136.6°;Dublin;City;;
21/08/2025 23:28:25;53.18981;-6.13104;19.758;154.2°;Dublin;City;;
21/08/2025 23:28:26;53.12917;-6.15831;25.455;164.5°;Dublin;City;;
22/08/2025 00:40:44;35.62003;139.87519;18.290;114.9°;Tokyo;City;;
22/08/2025 00:40:45;35.68156;139.85841;15.083;93.3°;Tokyo;City;;
22/08/2025 00:40:46;35.74309;139.84161;14.787;66.2°;Tokyo;City;;
22/08/2025 00:40:47;35.80461;139.82479;17.552;43.1°;Tokyo;City;;
22/08/2025 06:51:26;-21.28562;55.74952;6.240;137.6°;Piton de la Fournaise;Volcano;;
22/08/2025 06:51:27;-21.22389;55.73576;3.585;51.0°;Piton de la Fournaise;Volcano;;
22/08/2025 06:51:28;-21.16217;55.72201;9.223;8.5°;Piton de la Fournaise;Volcano;;
22/08/2025 06:59:48;9.79557;49.31511;57.050;246.6°;Okanagan Mountain Lookout (BC; CAN);;
22/08/2025 06:59:49;9.85754;49.30234;56.006;253.6°;Okanagan Mountain Lookout (BC; CAN);;
22/08/2025 06:59:50;9.91951;49.28957;55.835;260.8°;Okanagan Mountain Lookout (BC; CAN);;
22/08/2025 06:59:51;9.98148;49.27679;56.545;268.0°;Okanagan Mountain Lookout (BC; CAN);;
22/08/2025 06:59:52;10.04345;49.26401;58.103;274.8°;Okanagan Mountain Lookout (BC; CAN);;
22/08/2025 06:59:53;10.10542;49.25123;60.443;281.2°;Okanagan Mountain Lookout (BC; CAN);;
22/08/2025 08:46:00;45.66260;16.17093;22.414;139.0°;Zagreb;City;;
22/08/2025 08:46:01;45.72372;16.14972;16.506;127.9°;Zagreb;City;;
22/08/2025 08:46:02;45.78484;16.12847;11.847;106.4°;Zagreb;City;;
22/08/2025 08:46:03;45.84595;16.10719;10.299;70.4°;Zagreb;City;;
22/08/2025 08:46:04;45.90706;16.08586;13.023;38.1°;Zagreb;City;;
22/08/2025 08:46:05;45.96816;16.06450;18.191;20.5°;Zagreb;City;;
22/08/2025 08:47:09;49.87160;14.61109;25.838;151.3°;Prague;City;;
22/08/2025 08:47:10;49.93247;14.58690;19.144;146.1°;Prague;City;;
22/08/2025 08:47:11;49.99333;14.56265;12.767;135.6°;Prague;City;;
22/08/2025 08:47:12;50.05419;14.53835;7.558;108.2°;Prague;City;;
22/08/2025 08:47:13;50.11505;14.51400;6.992;51.0°;Prague;City;;
22/08/2025 08:47:14;50.17590;14.48960;11.759;18.3°;Prague;City;;
22/08/2025 08:47:15;50.23675;14.46515;18.035;6.2°;Prague;City;;
22/08/2025 08:47:16;50.29759;14.44065;24.696;0.5°;Prague;City;;
22/08/2025 08:47:49;52.30291;13.60145;27.573;151.0°;Berlin;City;;
22/08/2025 08:47:50;52.36360;13.57504;20.863;146.4°;Berlin;City;;
22/08/2025 08:47:51;52.42428;13.54856;14.417;137.5°;Berlin;City;;
22/08/2025 08:47:52;52.48496;13.52203;8.828;116.1°;Berlin;City;;
22/08/2025 08:47:53;52.54563;13.49544;6.749;65.0°;Berlin;City;;
22/08/2025 08:47:54;52.60630;13.46878;10.520;24.2°;Berlin;City;;
22/08/2025 08:47:55;52.66697;13.44206;16.533;8.7°;Berlin;City;;
22/08/2025 08:47:56;52.72763;13.41528;23.097;1.7°;Berlin;City;;
22/08/2025 08:48:41;55.45180;12.14017;36.698;227.4°;Copenhagen;City;;
22/08/2025 18:58:09;10.17752;52.44560;23.858;34.2°;Mount Pinaus Lookout (AB; CAN);;
22/08/2025 18:58:10;10.11551;52.43281;17.578;43.0°;Mount Pinaus Lookout (AB; CAN);;
22/08/2025 18:58:11;10.05350;52.42002;12.156;60.7°;Mount Pinaus Lookout (AB; CAN);;
22/08/2025 18:58:12;9.99149;52.40723;9.251;95.9°;Mount Pinaus Lookout (AB; CAN);;
22/08/2025 18:58:13;9.92947;52.39445;11.063;135.1°;Mount Pinaus Lookout (AB; CAN);;
22/08/2025 18:58:14;9.86746;52.38167;16.069;156.5°;Mount Pinaus Lookout (AB; CAN);;
22/08/2025 18:58:15;9.80545;52.36889;22.205;167.0°;Mount Pinaus Lookout (AB; CAN);;
22/08/2025 22:00:22;50.10770;14.78226;24.832;81.6°;Prague;City;;
22/08/2025 22:00:23;50.04682;14.75791;23.072;97.8°;Prague;City;;
22/08/2025 22:00:24;49.98593;14.73360;23.359;115.1°;Prague;City;;
22/08/2025 22:00:25;49.92504;14.70935;25.625;130.7°;Prague;City;;
22/08/2025 22:00:26;49.86414;14.68515;29.416;142.9°;Prague;City;;
22/08/2025 22:02:00;44.12338;12.60641;23.369;30.5°;San Marino;City;;
22/08/2025 22:02:01;44.06215;12.58611;16.811;37.6°;San Marino;City;;
22/08/2025 22:02:02;44.00092;12.56584;10.821;53.0°;San Marino;City;;
22/08/2025 22:02:03;43.93968;12.54561;7.037;92.4°;San Marino;City;;
22/08/2025 22:02:04;43.87844;12.52541;8.939;142.7°;San Marino;City;;
22/08/2025 22:02:05;43.81720;12.50524;14.432;164.7°;San Marino;City;;
22/08/2025 22:02:06;43.75595;12.48510;20.847;174.0°;San Marino;City;;
23/08/2025 10:35:06;63.71435;-19.01339;31.252;72.9°;Eyjafjallajokull;Volcano;;
23/08/2025 10:35:07;63.77353;-19.05992;31.708;60.2°;Eyjafjallajokull;Volcano;;
23/08/2025 10:35:08;63.83270;-19.10662;33.635;48.5°;Eyjafjallajokull;Volcano;;
23/08/2025 10:35:09;63.89186;-19.15351;36.802;38.3°;Eyjafjallajokull;Volcano;;
24/08/2025 07:15:00;9.80223;45.50413;26.224;147.0°;Mount Hood Fire Lookout (OR; USA);;
24/08/2025 07:15:01;9.86421;45.49136;19.851;139.5°;Mount Hood Fire Lookout (OR; USA);;
24/08/2025 07:15:02;9.92618;45.47858;14.118;125.5°;Mount Hood Fire Lookout (OR; USA);;
24/08/2025 07:15:03;9.98816;45.46580;10.172;97.4°;Mount Hood Fire Lookout (OR; USA);;
24/08/2025 07:15:04;10.05013;45.45302;10.321;57.3°;Mount Hood Fire Lookout (OR; USA);;
24/08/2025 07:15:05;10.11211;45.44024;14.439;30.3°;Mount Hood Fire Lookout (OR; USA);;
24/08/2025 07:15:06;10.17408;45.42745;20.232;16.9°;Mount Hood Fire Lookout (OR; USA);;
24/08/2025 08:59:00;37.58297;14.88486;20.985;207.1°;Mount Etna;Volcano;;
24/08/2025 08:59:01;37.64444;14.86742;16.225;223.1°;Mount Etna;Volcano;;
24/08/2025 08:59:02;37.70591;14.84996;13.575;248.4°;Mount Etna;Volcano;;
24/08/2025 08:59:03;37.76738;14.83247;14.264;277.4°;Mount Etna;Volcano;;
24/08/2025 08:59:04;37.82884;14.81497;17.910;299.0°;Mount Etna;Volcano;;
24/08/2025 08:59:05;37.89030;14.79744;23.156;312.0°;Mount Etna;Volcano;;
24/08/2025 10:42:49;64.17839;-21.28692;31.971;83.4°;Reykjavik;City;;
24/08/2025 10:42:50;64.23747;-21.33487;31.106;70.8°;Reykjavik;City;;
24/08/2025 10:42:51;64.29653;-21.38302;31.783;58.1°;Reykjavik;City;;
24/08/2025 10:42:52;64.35558;-21.43135;33.910;46.5°;Reykjavik;City;;
24/08/2025 10:42:53;64.41462;-21.47987;37.239;36.6°;Reykjavik;City;;
24/08/2025 15:50:05;48.08131;106.69875;26.589;324.7°;Ulaanbaatar;City;;
24/08/2025 15:50:06;48.02030;106.67598;22.679;311.1°;Ulaanbaatar;City;;
24/08/2025 15:50:07;47.95928;106.65324;20.483;293.4°;Ulaanbaatar;City;;
24/08/2025 15:50:08;47.89826;106.63055;20.557;273.8°;Ulaanbaatar;City;;
24/08/2025 15:50:09;47.83723;106.60791;22.879;256.3°;Ulaanbaatar;City;;
24/08/2025 15:50:10;47.77621;106.58530;26.873;243.0°;Ulaanbaatar;City;;
24/08/2025 20:37:26;55.98525;37.74651;26.757;17.5°;Moscow;City;;
24/08/2025 20:37:27;55.92487;37.71585;19.781;18.1°;Moscow;City;;
24/08/2025 20:37:28;55.86448;37.68527;12.809;19.3°;Moscow;City;;
24/08/2025 20:37:29;55.80409;37.65478;5.858;23.6°;Moscow;City;;
24/08/2025 20:37:30;55.74369;37.62436;1.418;161.8°;Moscow;City;;
24/08/2025 20:37:31;55.68328;37.59403;8.195;190.3°;Moscow;City;;
24/08/2025 20:37:32;55.62287;37.56377;15.157;192.8°;Moscow;City;;
24/08/2025 20:37:33;55.56245;37.53360;22.131;193.8°;Moscow;City;;
24/08/2025 22:16:23;47.07714;9.82226;23.844;107.2°;Vaduz;City;;
24/08/2025 22:16:24;47.01606;9.80018;25.265;123.3°;Vaduz;City;;
24/08/2025 22:16:25;46.95499;9.77814;28.389;136.7°;Vaduz;City;;
25/08/2025 09:27:26;63.35338;-150.69440;35.248;26.3°;Denali;Mountain Peak;;
25/08/2025 09:27:27;63.29409;-150.73972;28.355;28.1°;Denali;Mountain Peak;;
25/08/2025 09:27:28;63.23479;-150.78486;21.511;31.2°;Denali;Mountain Peak;;
25/08/2025 09:27:29;63.17548;-150.82984;14.783;37.1°;Denali;Mountain Peak;;
25/08/2025 09:27:30;63.11616;-150.87465;8.458;52.1°;Denali;Mountain Peak;;
25/08/2025 09:27:31;63.05682;-150.91930;4.657;107.6°;Denali;Mountain Peak;;
25/08/2025 09:27:32;62.99748;-150.96378;8.305;164.6°;Denali;Mountain Peak;;
25/08/2025 09:27:33;62.93812;-151.00809;14.609;180.1°;Denali;Mountain Peak;;
25/08/2025 09:27:34;62.87875;-151.05225;21.332;186.1°;Denali;Mountain Peak;;
25/08/2025 09:27:35;62.81936;-151.09625;28.175;189.2°;Denali;Mountain Peak;;
25/08/2025 10:50:15;63.60126;-22.73047;32.744;208.8°;Grindavikur;Volcano;;
25/08/2025 10:50:16;63.66046;-22.77667;28.515;219.2°;Grindavikur;Volcano;;
25/08/2025 10:50:17;63.71966;-22.82304;25.517;232.6°;Grindavikur;Volcano;;
25/08/2025 10:50:18;63.77884;-22.86959;24.212;248.4°;Grindavikur;Volcano;;
25/08/2025 10:50:19;63.83801;-22.91632;24.867;264.7°;Grindavikur;Volcano;;
25/08/2025 10:50:20;63.89717;-22.96322;27.341;279.0°;Grindavikur;Volcano;;
25/08/2025 10:50:21;63.95632;-23.01031;31.205;290.4°;Grindavikur;Volcano;;
25/08/2025 10:50:22;64.01545;-23.05758;36.014;299.0°;Grindavikur;Volcano;;
26/08/2025 07:22:28;-18.83300;47.59598;10.597;61.0°;Antananarivo;City;;
26/08/2025 07:41:11;50.50351;30.87238;25.399;76.3°;Kyiv;City;;
26/08/2025 07:41:12;50.56435;30.84765;26.214;60.9°;Kyiv;City;;
26/08/2025 07:41:13;50.62518;30.82286;28.755;47.3°;Kyiv;City;;
26/08/2025 19:28:30;10.19619;44.84064;62.299;290.5°;Mount Hood Fire Lookout (OR; USA);;
26/08/2025 19:28:31;10.13419;44.82785;61.596;284.1°;Mount Hood Fire Lookout (OR; USA);;
27/08/2025 06:37:21;35.01362;-118.34483;17.876;342.2°;Pine Creek Fire Lookout (CA);Fire Lookout;;
27/08/2025 06:37:22;34.95204;-118.36142;12.342;325.5°;Pine Creek Fire Lookout (CA);Fire Lookout;;
27/08/2025 06:37:23;34.89046;-118.37798;9.134;291.3°;Pine Creek Fire Lookout (CA);Fire Lookout;;
27/08/2025 06:37:24;34.82888;-118.39453;10.625;250.6°;Pine Creek Fire Lookout (CA);Fire Lookout;;
27/08/2025 06:37:25;34.76729;-118.41106;15.515;228.1°;Pine Creek Fire Lookout (CA);Fire Lookout;;
27/08/2025 06:37:26;34.70570;-118.42757;21.608;217.2°;Pine Creek Fire Lookout (CA);Fire Lookout;;
27/08/2025 06:37:36;34.08973;-118.59168;23.587;314.3°;LAX Airport;Airport;N-S;23:37:67 à Paris
27/08/2025 07:45:51;39.80134;32.66584;22.122;228.5°;Ankara;City;;
27/08/2025 07:45:52;39.86274;32.64755;19.730;246.6°;Ankara;City;;
27/08/2025 07:45:53;39.92413;32.62924;19.678;267.1°;Ankara;City;;
27/08/2025 07:49:38;53.65934;27.61182;27.050;172.6°;Minsk;City;;
27/08/2025 07:49:39;53.71993;27.58397;20.156;175.3°;Minsk;City;;
27/08/2025 07:49:40;53.78051;27.55605;13.354;180.8°;Minsk;City;;
27/08/2025 07:49:41;53.84109;27.52806;6.921;197.1°;Minsk;City;;
27/08/2025 07:49:42;53.90166;27.50000;3.867;271.8°;Minsk;City;;
27/08/2025 07:49:43;53.96223;27.47187;8.916;320.3°;Minsk;City;;
27/08/2025 07:49:44;54.02279;27.44367;15.541;331.0°;Minsk;City;;
27/08/2025 07:49:45;54.08334;27.41541;22.384;335.3°;Minsk;City;;
27/08/2025 07:49:46;54.14389;27.38707;29.292;337.5°;Minsk;City;;
27/08/2025 07:51:10;59.20760;24.71422;25.606;185.0°;Tallinn;City;;
27/08/2025 07:51:11;59.26757;24.67833;19.317;192.8°;Tallinn;City;;
27/08/2025 07:51:12;59.32754;24.64234;13.706;207.4°;Tallinn;City;;
27/08/2025 07:51:13;59.38750;24.60623;9.992;236.6°;Tallinn;City;;
27/08/2025 07:51:14;59.44744;24.57001;10.444;276.5°;Tallinn;City;;
27/08/2025 07:51:15;59.50739;24.53367;14.682;302.3°;Tallinn;City;;
27/08/2025 07:51:16;59.56732;24.49722;20.477;315.2°;Tallinn;City;;
27/08/2025 07:51:17;59.62724;24.46066;26.838;322.1°;Tallinn;City;;
27/08/2025 07:51:18;59.68716;24.42398;33.444;326.4°;Tallinn;City;;
27/08/2025 09:23:23;43.58353;7.36041;17.978;196.7°;Monaco;City;;
27/08/2025 09:23:24;43.64477;7.34037;12.421;213.1°;Monaco;City;;
27/08/2025 09:23:25;43.70600;7.32029;9.124;246.8°;Monaco;City;S-N;
27/08/2025 09:23:26;43.76723;7.30019;10.494;287.8°;Monaco;City;;
27/08/2025 09:23:27;43.82846;7.28005;15.328;310.8°;Monaco;City;;
27/08/2025 09:23:28;43.88968;7.25988;21.393;321.9°;Monaco;City;;
27/08/2025 09:23:57;45.66388;6.66010;24.602;220.4°;Mont Blanc;Mountain Peak;;
27/08/2025 09:23:58;45.72501;6.63888;21.240;235.8°;Mont Blanc;Mountain Peak;;
27/08/2025 09:23:59;45.78614;6.61763;19.872;255.0°;Mont Blanc;Mountain Peak;;
27/08/2025 09:24:00;45.84727;6.59634;20.891;274.6°;Mont Blanc;Mountain Peak;;
27/08/2025 09:24:01;45.90839;6.57501;23.996;290.7°;Mont Blanc;Mountain Peak;;
27/08/2025 09:25:22;50.84739;4.70646;24.908;90.6°;Brussels;City;;
27/08/2025 09:25:23;50.90821;4.68142;24.012;74.3°;Brussels;City;;
27/08/2025 09:25:24;50.96901;4.65632;25.108;58.2°;Brussels;City;;
27/08/2025 09:25:25;51.02982;4.63117;27.963;44.3°;Brussels;City;;
27/08/2025 17:25:02;40.35985;-112.26055;21.212;214.1°;Bingham Canyon Mine (UT);Mine;;
27/08/2025 17:25:03;40.42123;-112.27907;17.209;231.4°;Bingham Canyon Mine (UT);Mine;;
27/08/2025 17:25:04;40.48260;-112.29762;15.506;255.4°;Bingham Canyon Mine (UT);Mine;;
27/08/2025 17:25:05;40.54397;-112.31619;16.816;280.0°;Bingham Canyon Mine (UT);Mine;;
27/08/2025 17:25:06;40.60534;-112.33479;20.570;298.3°;Bingham Canyon Mine (UT);Mine;;
27/08/2025 17:25:07;40.66671;-112.35341;25.721;310.1°;Bingham Canyon Mine (UT);Mine;;
27/08/2025 20:32:22;19.34900;-155.23025;8.517;139.1°;Kalauea;Volcano;;
27/08/2025 20:32:23;19.41090;-155.24380;4.177;83.9°;Kalauea;Volcano;S-N;
27/08/2025 20:32:24;19.47280;-155.25736;7.819;20.4°;Kalauea;Volcano;;
27/08/2025 22:35:32;60.12698;10.25890;36.231;311.1°;Oslo;City;;
27/08/2025 22:35:33;60.06712;10.22135;34.086;300.2°;Oslo;City;;
27/08/2025 22:40:38;41.53766;2.27171;21.397;35.4°;Camp Nou (Barcelona);Stadium;;
27/08/2025 22:40:39;41.47632;2.25270;15.161;45.5°;Camp Nou (Barcelona);Stadium;;
27/08/2025 22:40:40;41.41497;2.23371;9.997;67.7°;Camp Nou (Barcelona);Stadium;N-S;
27/08/2025 22:40:41;41.35363;2.21475;8.251;111.5°;Camp Nou (Barcelona);Stadium;;
27/08/2025 22:40:42;41.29228;2.19583;11.588;148.2°;Camp Nou (Barcelona);Stadium;;
27/08/2025 22:40:43;41.23092;2.17692;17.278;164.8°;Camp Nou (Barcelona);Stadium;;
28/08/2025 07:57:25;54.46916;25.33641;24.519;171.4°;Vilnius;City;;
28/08/2025 07:57:26;54.52967;25.30762;17.608;174.1°;Vilnius;City;;
28/08/2025 07:57:27;54.59018;25.27875;10.788;180.3°;Vilnius;City;;
28/08/2025 07:57:28;54.65069;25.24981;4.492;205.3°;Vilnius;City;;
28/08/2025 07:57:29;54.71119;25.22080;4.630;305.2°;Vilnius;City;;
28/08/2025 07:57:30;54.77168;25.19171;10.962;329.0°;Vilnius;City;;
28/08/2025 07:57:31;54.83217;25.16255;17.786;335.0°;Vilnius;City;;
28/08/2025 07:57:32;54.89265;25.13332;24.698;337.7°;Vilnius;City;;
28/08/2025 07:58:02;56.70427;24.21946;28.151;165.7°;Riga;City;;
28/08/2025 07:58:03;56.76456;24.18771;21.178;166.3°;Riga;City;;
28/08/2025 07:58:04;56.82484;24.15586;14.210;167.5°;Riga;City;;
28/08/2025 07:58:05;56.88512;24.12392;7.260;171.0°;Riga;City;;
28/08/2025 07:58:06;56.94538;24.09190;0.933;239.8°;Riga;City;S-N;
28/08/2025 07:58:07;57.00565;24.05978;6.813;336.2°;Riga;City;;
28/08/2025 07:58:08;57.06590;24.02758;13.759;340.1°;Riga;City;;
28/08/2025 07:58:09;57.12615;23.99528;20.727;341.3°;Riga;City;;
28/08/2025 07:58:10;57.18639;23.96290;27.699;342.0°;Riga;City;;
